{"baselines": [{"model": "NaiveMean", "MAE": 15.805482083773116, "RMSE": 23.921937951175384, "R2": 0.0, "rho": 0.0, "n": 46, "grouped_cv": false}, {"model": "Ridge", "MAE": 21.359600381851198, "RMSE": 29.953682096182774, "R2": -1.7846337954266058, "rho": 0.29393939393939394, "n": 46, "grouped_cv": false}, {"model": "GBR", "MAE": 16.834187362657417, "RMSE": 24.624387723817456, "R2": -0.4456322203289096, "rho": 0.23909090909090908, "n": 46, "grouped_cv": false}], "mil_test": {"MAE": 10.224770307540894, "RMSE": 12.711546339898591, "R2": -0.06741047051764082, "rho": 0.8696565534786727}, "mil_test_CIs": {"MAE_CI": [4.825029, 16.815678], "RMSE_CI": [6.181004, 17.559692], "R2_CI": [-2.694956, 0.096368], "rho_CI": [0.0, 1.0]}, "naive_MAE": 10.377777629428442, "ablation_pooling": {"mean_pool": {"MAE": 10.05122415224711, "R2": -0.04985592674758732, "rho": 0.8696565534786727}, "attn_pool": {"MAE": 10.257450819015503, "R2": -0.08939196127532156, "rho": 0.5797710356524485}}}