bag_size,MAE
64,10.52176038424174
128,10.586355447769165
256,10.465922276178995
